{"cameraMode":{"drawMode":0,"name":"Shaded","section":"Shading Mode"},"sceneLighting":false,"audioPlay":false,"sceneViewState":{"showFog":true,"showMaterialUpdate":false,"showSkybox":false,"showFlares":true,"showImageEffects":true,"showParticleSystems":true},"in2DMode":false,"pivot":{"x":-44.320045471191409,"y":-19.787521362304689,"z":238.1046142578125},"rotation":{"x":-0.1616165190935135,"y":0.08221018314361572,"z":-0.013510792516171933,"w":-0.9833382368087769},"size":205.64013671875,"orthographic":false}