{"cameraMode":{"drawMode":0,"name":"Shaded","section":"Shading Mode"},"sceneLighting":false,"audioPlay":false,"sceneViewState":{"showFog":true,"showMaterialUpdate":false,"showSkybox":false,"showFlares":true,"showImageEffects":true,"showParticleSystems":true},"in2DMode":false,"pivot":{"x":-2803.632080078125,"y":-2605.37548828125,"z":-2323.087158203125},"rotation":{"x":0.12600859999656678,"y":-0.8668569326400757,"z":0.27614927291870119,"w":0.3955811858177185},"size":2378.86865234375,"orthographic":false}