{"cameraMode":{"drawMode":0,"name":"Shaded","section":"Shading Mode"},"sceneLighting":false,"audioPlay":false,"sceneViewState":{"showFog":true,"showMaterialUpdate":false,"showSkybox":false,"showFlares":true,"showImageEffects":true,"showParticleSystems":true},"in2DMode":false,"pivot":{"x":-93.30418395996094,"y":-70.443603515625,"z":125.82840728759766},"rotation":{"x":-0.2306327074766159,"y":0.21592123806476594,"z":-0.05256668105721474,"w":-0.9473296999931336},"size":170.18869018554688,"orthographic":false}