{"cameraMode":{"drawMode":0,"name":"Shaded","section":"Shading Mode"},"sceneLighting":false,"audioPlay":false,"sceneViewState":{"showFog":true,"showMaterialUpdate":false,"showSkybox":false,"showFlares":true,"showImageEffects":true,"showParticleSystems":true},"in2DMode":false,"pivot":{"x":-12.894950866699219,"y":-5.450630187988281,"z":2.8804473876953127},"rotation":{"x":-0.22704340517520905,"y":0.20333364605903626,"z":-0.048533882945775989,"w":-0.9511903524398804},"size":135.03720092773438,"orthographic":false}