{"cameraMode":{"drawMode":0,"name":"Shaded","section":"Shading Mode"},"sceneLighting":false,"audioPlay":false,"sceneViewState":{"showFog":true,"showMaterialUpdate":false,"showSkybox":false,"showFlares":true,"showImageEffects":true,"showParticleSystems":true},"in2DMode":false,"pivot":{"x":-2.623883008956909,"y":-0.6008272171020508,"z":0.37651729583740237},"rotation":{"x":-0.08988697081804276,"y":0.9065027236938477,"z":-0.33130180835723879,"w":-0.2458910346031189},"size":3.2221460342407228,"orthographic":false}